ImageId,NameOfPokemon
1106.jpg,Bulbasaur
2236.jpg,Pikachu
1131.jpg,Bulbasaur
2221.jpg,Bulbasaur
2011.jpg,Bulbasaur
2030.jpg,Bulbasaur
2035.jpg,Bulbasaur
1110.jpg,Pikachu
1104.jpg,Bulbasaur
2217.jpg,Bulbasaur
1111.jpg,Bulbasaur
1100.jpg,Charmander
1112.jpg,Pikachu
1138.jpg,Bulbasaur
2238.jpg,Bulbasaur
2009.jpg,Pikachu
2225.jpg,Charmander
2240.jpg,Charmander
2020.jpg,Charmander
2209.jpg,Bulbasaur
2029.jpg,Bulbasaur
1114.jpg,Bulbasaur
2201.jpg,Bulbasaur
1118.jpg,Bulbasaur
2025.jpg,Bulbasaur
2202.jpg,Pikachu
1117.jpg,Bulbasaur
1119.jpg,Charmander
2000.jpg,Charmander
2007.jpg,Pikachu
2039.jpg,Bulbasaur
2017.jpg,Pikachu
2215.jpg,Bulbasaur
1120.jpg,Bulbasaur
2006.jpg,Bulbasaur
1116.jpg,Bulbasaur
1128.jpg,Pikachu
1125.jpg,Pikachu
2203.jpg,Pikachu
1133.jpg,Bulbasaur
1137.jpg,Pikachu
2220.jpg,Charmander
2012.jpg,Bulbasaur
2224.jpg,Bulbasaur
2206.jpg,Pikachu
1122.jpg,Bulbasaur
2223.jpg,Pikachu
1102.jpg,Bulbasaur
2234.jpg,Bulbasaur
2216.jpg,Charmander
2016.jpg,Bulbasaur
2227.jpg,Pikachu
2013.jpg,Bulbasaur
1113.jpg,Charmander
2204.jpg,Pikachu
1101.jpg,Bulbasaur
2208.jpg,Bulbasaur
2024.jpg,Charmander
2031.jpg,Bulbasaur
2222.jpg,Pikachu
2211.jpg,Pikachu
2033.jpg,Charmander
2213.jpg,Bulbasaur
2231.jpg,Bulbasaur
2001.jpg,Bulbasaur
2040.jpg,Bulbasaur
1127.jpg,Bulbasaur
2023.jpg,Pikachu
2015.jpg,Bulbasaur
1121.jpg,Bulbasaur
2232.jpg,Bulbasaur
1139.jpg,Bulbasaur
1103.jpg,Pikachu
2018.jpg,Bulbasaur
2233.jpg,Bulbasaur
2212.jpg,Pikachu
2210.jpg,Bulbasaur
2228.jpg,Pikachu
2026.jpg,Bulbasaur
1132.jpg,Charmander
2003.jpg,Charmander
1129.jpg,Charmander
2214.jpg,Bulbasaur
1123.jpg,Bulbasaur
2004.jpg,Bulbasaur
1136.jpg,Bulbasaur
1140.jpg,Bulbasaur
2226.jpg,Bulbasaur
2230.jpg,Pikachu
1135.jpg,Charmander
1105.jpg,Bulbasaur
2237.jpg,Bulbasaur
1109.jpg,Bulbasaur
2022.jpg,Bulbasaur
2005.jpg,Bulbasaur
2218.jpg,Pikachu
2036.jpg,Charmander
1115.jpg,Pikachu
2032.jpg,Bulbasaur
2200.jpg,Pikachu
1134.jpg,Pikachu
1130.jpg,Bulbasaur
1107.jpg,Charmander
2034.jpg,Charmander
2205.jpg,Bulbasaur
2008.jpg,Bulbasaur
2027.jpg,Bulbasaur
2028.jpg,Bulbasaur
2239.jpg,Bulbasaur
1108.jpg,Bulbasaur
2010.jpg,Bulbasaur
2229.jpg,Pikachu
2219.jpg,Bulbasaur
2019.jpg,Bulbasaur
2207.jpg,Bulbasaur
2002.jpg,Bulbasaur
2037.jpg,Bulbasaur
2038.jpg,Charmander
1124.jpg,Pikachu
2014.jpg,Bulbasaur
2235.jpg,Bulbasaur
1126.jpg,Charmander
2021.jpg,Bulbasaur
